{"mcfarland2020_e_distance_mean":112.75527954101562,"mcfarland2020_r_squared_mean":-52.77367401123047,"_timestamp":1.7757360251734211e+09,"_runtime":706,"_wandb":{"runtime":706},"_step":0}